NAME,B01003_001E,B19013_001E,state,county,tract
Census Tract 1000.01; Harris County; Texas,5442,98668,48,201,100001
Census Tract 2104; Harris County; Texas,3908,44821,48,201,210400
Census Tract 2105; Harris County; Texas,4624,48837,48,201,210500
Census Tract 2106; Harris County; Texas,5355,82321,48,201,210600
Census Tract 2107; Harris County; Texas,2215,51966,48,201,210700
Census Tract 2108; Harris County; Texas,2087,39153,48,201,210800
Census Tract 2109; Harris County; Texas,1857,47117,48,201,210900
Census Tract 2110; Harris County; Texas,1853,31667,48,201,211000
Census Tract 2111.01; Harris County; Texas,2426,39120,48,201,211101
Census Tract 2111.02; Harris County; Texas,2297,27844,48,201,211102
Census Tract 2112; Harris County; Texas,2393,22982,48,201,211200
Census Tract 2113.01; Harris County; Texas,2733,40991,48,201,211301
Census Tract 2113.02; Harris County; Texas,2807,39871,48,201,211302
Census Tract 2114; Harris County; Texas,4226,74318,48,201,211400
Census Tract 2115.01; Harris County; Texas,3400,51979,48,201,211501
Census Tract 2115.02; Harris County; Texas,2613,54900,48,201,211502
Census Tract 2116; Harris County; Texas,2991,47143,48,201,211600
Census Tract 2117; Harris County; Texas,3530,32240,48,201,211700
Census Tract 2119; Harris County; Texas,4601,49050,48,201,211900
Census Tract 2123; Harris County; Texas,5128,62813,48,201,212300
Census Tract 2124; Harris County; Texas,3077,40516,48,201,212400
Census Tract 2125; Harris County; Texas,3495,54966,48,201,212500
Census Tract 2201; Harris County; Texas,1400,43583,48,201,220100
Census Tract 2202; Harris County; Texas,2345,45833,48,201,220200
Census Tract 2203; Harris County; Texas,3840,53792,48,201,220300
Census Tract 2204; Harris County; Texas,4544,50086,48,201,220400
Census Tract 2205; Harris County; Texas,3671,19877,48,201,220500
Census Tract 2206; Harris County; Texas,3252,36905,48,201,220600
Census Tract 2207.01; Harris County; Texas,3088,43889,48,201,220701
Census Tract 2207.02; Harris County; Texas,3560,31083,48,201,220702
Census Tract 2208; Harris County; Texas,3782,34512,48,201,220800
Census Tract 2209; Harris County; Texas,1836,22412,48,201,220900
Census Tract 2210; Harris County; Texas,3469,41985,48,201,221000
Census Tract 2211; Harris County; Texas,3464,56993,48,201,221100
Census Tract 2212; Harris County; Texas,5655,46832,48,201,221200
Census Tract 2213.01; Harris County; Texas,4057,66289,48,201,221301
Census Tract 2213.02; Harris County; Texas,3307,51221,48,201,221302
Census Tract 2214; Harris County; Texas,5588,33441,48,201,221400
Census Tract 2215.01; Harris County; Texas,5513,54070,48,201,221501
Census Tract 2215.02; Harris County; Texas,2920,32625,48,201,221502
Census Tract 2216.01; Harris County; Texas,3346,60380,48,201,221601
Census Tract 2216.02; Harris County; Texas,5349,63893,48,201,221602
Census Tract 2217.01; Harris County; Texas,5238,42078,48,201,221701
Census Tract 2217.02; Harris County; Texas,3031,36054,48,201,221702
Census Tract 2218; Harris County; Texas,3925,50945,48,201,221800
Census Tract 2219; Harris County; Texas,5267,59122,48,201,221900
Census Tract 2220; Harris County; Texas,2158,38281,48,201,222000
Census Tract 2221; Harris County; Texas,4865,41759,48,201,222100
Census Tract 2222; Harris County; Texas,3196,58024,48,201,222200
Census Tract 2223; Harris County; Texas,4987,38770,48,201,222300
Census Tract 2224.01; Harris County; Texas,3052,41125,48,201,222401
Census Tract 2224.02; Harris County; Texas,6837,41671,48,201,222402
Census Tract 2225.01; Harris County; Texas,3188,38333,48,201,222501
Census Tract 2225.02; Harris County; Texas,3825,52987,48,201,222502
Census Tract 2225.04; Harris County; Texas,3292,38977,48,201,222504
Census Tract 2225.05; Harris County; Texas,3239,70060,48,201,222505
Census Tract 2226.01; Harris County; Texas,2146,33689,48,201,222601
Census Tract 2226.02; Harris County; Texas,2329,29722,48,201,222602
Census Tract 2227.01; Harris County; Texas,2779,11592,48,201,222701
Census Tract 2227.02; Harris County; Texas,3828,26653,48,201,222702
Census Tract 2228; Harris County; Texas,4160,39241,48,201,222800
Census Tract 2229; Harris County; Texas,8286,53672,48,201,222900
Census Tract 2230.01; Harris County; Texas,3845,47768,48,201,223001
Census Tract 2230.02; Harris County; Texas,3073,40150,48,201,223002
Census Tract 2231; Harris County; Texas,2274,64655,48,201,223100
Census Tract 2301; Harris County; Texas,1661,50357,48,201,230100
Census Tract 2302; Harris County; Texas,4857,36609,48,201,230200
Census Tract 2303; Harris County; Texas,2085,43519,48,201,230300
Census Tract 2304; Harris County; Texas,4092,59688,48,201,230400
Census Tract 2305; Harris County; Texas,3487,37386,48,201,230500
Census Tract 2306; Harris County; Texas,2708,34145,48,201,230600
Census Tract 2307; Harris County; Texas,2934,36445,48,201,230700
Census Tract 2308; Harris County; Texas,2373,45260,48,201,230800
Census Tract 2309; Harris County; Texas,4409,30088,48,201,230900
Census Tract 2310; Harris County; Texas,5644,45050,48,201,231000
Census Tract 2311; Harris County; Texas,5521,31875,48,201,231100
Census Tract 2312; Harris County; Texas,5965,35199,48,201,231200
Census Tract 2313; Harris County; Texas,5171,48560,48,201,231300
Census Tract 2314; Harris County; Texas,3123,45479,48,201,231400
Census Tract 2315; Harris County; Texas,3047,50319,48,201,231500
Census Tract 2316; Harris County; Texas,3171,41760,48,201,231600
Census Tract 2317; Harris County; Texas,4517,41731,48,201,231700
Census Tract 2318; Harris County; Texas,3146,57198,48,201,231800
Census Tract 2319; Harris County; Texas,6618,41331,48,201,231900
Census Tract 2320; Harris County; Texas,4410,39693,48,201,232000
Census Tract 2321; Harris County; Texas,3563,42374,48,201,232100
Census Tract 2322.01; Harris County; Texas,6732,57449,48,201,232201
Census Tract 2322.02; Harris County; Texas,5283,185611,48,201,232202
Census Tract 2322.03; Harris County; Texas,6428,70180,48,201,232203
Census Tract 2323.03; Harris County; Texas,5431,54908,48,201,232303
Census Tract 2323.04; Harris County; Texas,7453,45694,48,201,232304
Census Tract 2323.05; Harris County; Texas,11504,89591,48,201,232305
Census Tract 2323.06; Harris County; Texas,4029,103191,48,201,232306
Census Tract 2324.02; Harris County; Texas,4607,58537,48,201,232402
Census Tract 2324.03; Harris County; Texas,4142,54886,48,201,232403
Census Tract 2324.04; Harris County; Texas,3562,77560,48,201,232404
Census Tract 2324.05; Harris County; Texas,5961,79344,48,201,232405
Census Tract 2325; Harris County; Texas,4450,41813,48,201,232500
Census Tract 2326; Harris County; Texas,2354,68254,48,201,232600
Census Tract 2327.01; Harris County; Texas,7379,38835,48,201,232701
Census Tract 2327.03; Harris County; Texas,2545,53458,48,201,232703
Census Tract 2327.04; Harris County; Texas,1823,51842,48,201,232704
Census Tract 2328.01; Harris County; Texas,2671,69492,48,201,232801
Census Tract 2328.02; Harris County; Texas,2907,54519,48,201,232802
Census Tract 2329.01; Harris County; Texas,4743,58355,48,201,232901
Census Tract 2329.02; Harris County; Texas,4669,61457,48,201,232902
Census Tract 2330.01; Harris County; Texas,4287,43542,48,201,233001
Census Tract 2330.02; Harris County; Texas,4142,79444,48,201,233002
Census Tract 2330.03; Harris County; Texas,2755,65256,48,201,233003
Census Tract 2331.01; Harris County; Texas,4502,47654,48,201,233101
Census Tract 2331.03; Harris County; Texas,5212,49380,48,201,233103
Census Tract 2331.04; Harris County; Texas,2544,45284,48,201,233104
Census Tract 2331.05; Harris County; Texas,4871,48750,48,201,233105
Census Tract 2332; Harris County; Texas,6156,61491,48,201,233200
Census Tract 2333; Harris County; Texas,4637,62973,48,201,233300
Census Tract 2334; Harris County; Texas,2787,42601,48,201,233400
Census Tract 2335.01; Harris County; Texas,3493,62720,48,201,233501
Census Tract 2335.02; Harris County; Texas,3178,71006,48,201,233502
Census Tract 2336; Harris County; Texas,2113,36218,48,201,233600
Census Tract 2337.01; Harris County; Texas,4515,55975,48,201,233701
Census Tract 2337.02; Harris County; Texas,3215,42750,48,201,233702
Census Tract 2337.03; Harris County; Texas,2672,54375,48,201,233703
Census Tract 2401.01; Harris County; Texas,2295,37238,48,201,240101
Census Tract 2401.02; Harris County; Texas,1553,33025,48,201,240102
Census Tract 2404; Harris County; Texas,7919,59000,48,201,240400
Census Tract 2405.03; Harris County; Texas,2863,40651,48,201,240503
Census Tract 2405.04; Harris County; Texas,3223,26818,48,201,240504
Census Tract 2405.05; Harris County; Texas,1375,21824,48,201,240505
Census Tract 2405.06; Harris County; Texas,5613,41536,48,201,240506
Census Tract 2406; Harris County; Texas,3638,31816,48,201,240600
Census Tract 2407.03; Harris County; Texas,5784,65445,48,201,240703
Census Tract 2407.04; Harris County; Texas,4348,106667,48,201,240704
Census Tract 2407.05; Harris County; Texas,4625,96084,48,201,240705
Census Tract 2407.06; Harris County; Texas,10532,67205,48,201,240706
Census Tract 2407.07; Harris County; Texas,5206,90380,48,201,240707
Census Tract 2408.02; Harris County; Texas,8670,70891,48,201,240802
Census Tract 2408.03; Harris County; Texas,2912,48844,48,201,240803
Census Tract 2408.04; Harris County; Texas,2895,47566,48,201,240804
Census Tract 2409.03; Harris County; Texas,6429,86797,48,201,240903
Census Tract 2409.04; Harris County; Texas,9548,77576,48,201,240904
Census Tract 2409.05; Harris County; Texas,5379,85000,48,201,240905
Census Tract 2409.06; Harris County; Texas,8096,94133,48,201,240906
Census Tract 2410.01; Harris County; Texas,3982,73566,48,201,241001
Census Tract 2410.02; Harris County; Texas,5316,78694,48,201,241002
Census Tract 2411.01; Harris County; Texas,4847,79728,48,201,241101
Census Tract 2411.03; Harris County; Texas,4606,88482,48,201,241103
Census Tract 2411.04; Harris County; Texas,9851,92278,48,201,241104
Census Tract 2411.05; Harris County; Texas,5832,80313,48,201,241105
Census Tract 2412.01; Harris County; Texas,3234,72983,48,201,241201
Census Tract 2412.02; Harris County; Texas,6642,75765,48,201,241202
Census Tract 2413.01; Harris County; Texas,4770,120833,48,201,241301
Census Tract 2413.02; Harris County; Texas,8665,107137,48,201,241302
Census Tract 2414; Harris County; Texas,10453,93777,48,201,241400
Census Tract 2415.01; Harris County; Texas,4045,41771,48,201,241501
Census Tract 2415.02; Harris County; Texas,2281,29821,48,201,241502
Census Tract 2415.03; Harris County; Texas,2570,51076,48,201,241503
Census Tract 2501.01; Harris County; Texas,4189,66559,48,201,250101
Census Tract 2501.02; Harris County; Texas,5488,87426,48,201,250102
Census Tract 2502.01; Harris County; Texas,6456,60470,48,201,250201
Census Tract 2502.02; Harris County; Texas,2378,73611,48,201,250202
Census Tract 2503.03; Harris County; Texas,3313,130842,48,201,250303
Census Tract 2503.04; Harris County; Texas,10195,92729,48,201,250304
Census Tract 2503.05; Harris County; Texas,5494,90000,48,201,250305
Census Tract 2503.06; Harris County; Texas,3415,76917,48,201,250306
Census Tract 2504.03; Harris County; Texas,4149,62193,48,201,250403
Census Tract 2504.04; Harris County; Texas,4825,128750,48,201,250404
Census Tract 2504.05; Harris County; Texas,10112,115744,48,201,250405
Census Tract 2504.06; Harris County; Texas,4849,123076,48,201,250406
Census Tract 2504.07; Harris County; Texas,10141,181851,48,201,250407
Census Tract 2504.08; Harris County; Texas,14195,107831,48,201,250408
Census Tract 2505; Harris County; Texas,5514,78529,48,201,250500
Census Tract 2506.01; Harris County; Texas,3030,46524,48,201,250601
Census Tract 2506.02; Harris County; Texas,4615,42738,48,201,250602
Census Tract 2507.01; Harris County; Texas,7287,112664,48,201,250701
Census Tract 2507.02; Harris County; Texas,4301,113186,48,201,250702
Census Tract 2508.01; Harris County; Texas,3160,111397,48,201,250801
Census Tract 2508.02; Harris County; Texas,4634,131705,48,201,250802
Census Tract 2509.01; Harris County; Texas,4022,97010,48,201,250901
Census Tract 2509.02; Harris County; Texas,5710,203333,48,201,250902
Census Tract 2510; Harris County; Texas,3147,90594,48,201,251000
Census Tract 2511; Harris County; Texas,6926,100208,48,201,251100
Census Tract 2512; Harris County; Texas,5928,81017,48,201,251200
Census Tract 2513; Harris County; Texas,7155,131667,48,201,251300
Census Tract 2514.01; Harris County; Texas,3050,123673,48,201,251401
Census Tract 2514.02; Harris County; Texas,6652,58902,48,201,251402
Census Tract 2515.01; Harris County; Texas,5822,169831,48,201,251501
Census Tract 2515.03; Harris County; Texas,2758,137031,48,201,251503
Census Tract 2515.04; Harris County; Texas,5524,160326,48,201,251504
Census Tract 2515.05; Harris County; Texas,4197,152857,48,201,251505
Census Tract 2516; Harris County; Texas,7209,90539,48,201,251600
Census Tract 2517.01; Harris County; Texas,3494,63413,48,201,251701
Census Tract 2517.02; Harris County; Texas,3594,75219,48,201,251702
Census Tract 2518; Harris County; Texas,1731,76563,48,201,251800
Census Tract 2519.02; Harris County; Texas,7653,106906,48,201,251902
Census Tract 2519.03; Harris County; Texas,4174,103611,48,201,251903
Census Tract 2519.04; Harris County; Texas,7100,107078,48,201,251904
Census Tract 2520.01; Harris County; Texas,8216,96832,48,201,252001
Census Tract 2520.02; Harris County; Texas,5859,117734,48,201,252002
Census Tract 2520.03; Harris County; Texas,10107,164646,48,201,252003
Census Tract 2521; Harris County; Texas,3147,67303,48,201,252100
Census Tract 2522.01; Harris County; Texas,5321,71328,48,201,252201
Census Tract 2522.02; Harris County; Texas,6995,74068,48,201,252202
Census Tract 2523.03; Harris County; Texas,5189,89946,48,201,252303
Census Tract 2523.04; Harris County; Texas,3750,65582,48,201,252304
Census Tract 2523.05; Harris County; Texas,6164,107054,48,201,252305
Census Tract 2523.06; Harris County; Texas,11000,67518,48,201,252306
Census Tract 2524; Harris County; Texas,6446,62831,48,201,252400
Census Tract 2525; Harris County; Texas,4777,54158,48,201,252500
Census Tract 2526.01; Harris County; Texas,3261,41048,48,201,252601
Census Tract 2526.02; Harris County; Texas,4096,43734,48,201,252602
Census Tract 2527; Harris County; Texas,4797,70625,48,201,252700
Census Tract 2528; Harris County; Texas,6294,62273,48,201,252800
Census Tract 2529.01; Harris County; Texas,2249,46875,48,201,252901
Census Tract 2529.02; Harris County; Texas,6365,71474,48,201,252902
Census Tract 2530; Harris County; Texas,4902,53970,48,201,253000
Census Tract 2531.01; Harris County; Texas,5876,90766,48,201,253101
Census Tract 2531.02; Harris County; Texas,6367,97754,48,201,253102
Census Tract 2532.01; Harris County; Texas,6565,129611,48,201,253201
Census Tract 2532.02; Harris County; Texas,5496,70826,48,201,253202
Census Tract 2533; Harris County; Texas,3732,96205,48,201,253300
Census Tract 2535.01; Harris County; Texas,8833,66080,48,201,253501
Census Tract 2535.02; Harris County; Texas,3448,66489,48,201,253502
Census Tract 2536.01; Harris County; Texas,4150,91433,48,201,253601
Census Tract 2536.02; Harris County; Texas,3853,41701,48,201,253602
Census Tract 2537; Harris County; Texas,6185,64875,48,201,253700
Census Tract 2538; Harris County; Texas,8019,48804,48,201,253800
Census Tract 2539; Harris County; Texas,3756,64621,48,201,253900
Census Tract 2540; Harris County; Texas,3569,52636,48,201,254000
Census Tract 2541; Harris County; Texas,5829,59539,48,201,254100
Census Tract 2542; Harris County; Texas,2620,54375,48,201,254200
Census Tract 2543; Harris County; Texas,5562,51477,48,201,254300
Census Tract 2544; Harris County; Texas,2508,47704,48,201,254400
Census Tract 2546; Harris County; Texas,3506,59743,48,201,254600
Census Tract 2547; Harris County; Texas,2404,61250,48,201,254700
Census Tract 2548; Harris County; Texas,2459,44167,48,201,254800
Census Tract 3101.01; Harris County; Texas,2917,93898,48,201,310101
Census Tract 3101.02; Harris County; Texas,2281,86250,48,201,310102
Census Tract 3102; Harris County; Texas,2054,132488,48,201,310200
Census Tract 3103; Harris County; Texas,4071,37468,48,201,310300
Census Tract 3104; Harris County; Texas,2922,54230,48,201,310400
Census Tract 3105; Harris County; Texas,3544,40360,48,201,310500
Census Tract 3106; Harris County; Texas,4736,48750,48,201,310600
Census Tract 3107; Harris County; Texas,3664,57935,48,201,310700
Census Tract 3108; Harris County; Texas,3126,52654,48,201,310800
Census Tract 3109; Harris County; Texas,4520,44330,48,201,310900
Census Tract 3110.01; Harris County; Texas,2829,59896,48,201,311001
Census Tract 3110.02; Harris County; Texas,3316,65046,48,201,311002
Census Tract 3111; Harris County; Texas,4832,44006,48,201,311100
Census Tract 3112; Harris County; Texas,4421,64258,48,201,311200
Census Tract 3113; Harris County; Texas,3999,65702,48,201,311300
Census Tract 3114; Harris County; Texas,1516,42417,48,201,311400
Census Tract 3115.01; Harris County; Texas,2253,59875,48,201,311501
Census Tract 3115.02; Harris County; Texas,3154,50667,48,201,311502
Census Tract 3116; Harris County; Texas,3859,43958,48,201,311600
Census Tract 3117.01; Harris County; Texas,3529,63183,48,201,311701
Census Tract 3117.02; Harris County; Texas,2189,29265,48,201,311702
Census Tract 3118; Harris County; Texas,3972,45316,48,201,311800
Census Tract 3119; Harris County; Texas,1497,54375,48,201,311900
Census Tract 3120; Harris County; Texas,3412,62235,48,201,312000
Census Tract 3122; Harris County; Texas,1589,-666666666,48,201,312200
Census Tract 3123; Harris County; Texas,2575,77194,48,201,312300
Census Tract 3124; Harris County; Texas,1786,-666666666,48,201,312400
Census Tract 3125.01; Harris County; Texas,2951,158958,48,201,312501
Census Tract 3125.02; Harris County; Texas,2195,98147,48,201,312502
Census Tract 3126.01; Harris County; Texas,3664,82060,48,201,312601
Census Tract 3126.02; Harris County; Texas,2479,160592,48,201,312602
Census Tract 3126.03; Harris County; Texas,3727,75635,48,201,312603
Census Tract 3127; Harris County; Texas,2100,90000,48,201,312700
Census Tract 3128; Harris County; Texas,3629,14000,48,201,312800
Census Tract 3129.01; Harris County; Texas,2118,25764,48,201,312901
Census Tract 3129.02; Harris County; Texas,2294,36830,48,201,312902
Census Tract 3130; Harris County; Texas,2575,62927,48,201,313000
Census Tract 3131.01; Harris County; Texas,2520,99375,48,201,313101
Census Tract 3131.02; Harris County; Texas,1764,74635,48,201,313102
Census Tract 3132.01; Harris County; Texas,1588,70526,48,201,313201
Census Tract 3132.02; Harris County; Texas,2445,83250,48,201,313202
Census Tract 3133; Harris County; Texas,2508,33350,48,201,313300
Census Tract 3134; Harris County; Texas,3598,39382,48,201,313400
Census Tract 3135; Harris County; Texas,1870,28625,48,201,313500
Census Tract 3136; Harris County; Texas,4373,28961,48,201,313600
Census Tract 3137; Harris County; Texas,2100,47964,48,201,313700
Census Tract 3138.01; Harris County; Texas,1686,19821,48,201,313801
Census Tract 3138.02; Harris County; Texas,1995,45461,48,201,313802
Census Tract 3139.01; Harris County; Texas,3125,63950,48,201,313901
Census Tract 3139.02; Harris County; Texas,2897,62550,48,201,313902
Census Tract 3140.01; Harris County; Texas,2936,67969,48,201,314001
Census Tract 3140.03; Harris County; Texas,2638,53149,48,201,314003
Census Tract 3140.04; Harris County; Texas,2065,44737,48,201,314004
Census Tract 3140.05; Harris County; Texas,2517,45451,48,201,314005
Census Tract 3143.01; Harris County; Texas,2037,50266,48,201,314301
Census Tract 3143.02; Harris County; Texas,1429,41815,48,201,314302
Census Tract 3144.01; Harris County; Texas,1439,47284,48,201,314401
Census Tract 3144.02; Harris County; Texas,2248,77813,48,201,314402
Census Tract 3201; Harris County; Texas,2441,55893,48,201,320100
Census Tract 3202.01; Harris County; Texas,3010,41863,48,201,320201
Census Tract 3202.02; Harris County; Texas,3290,32563,48,201,320202
Census Tract 3205; Harris County; Texas,4073,68433,48,201,320500
Census Tract 3206.01; Harris County; Texas,2135,47632,48,201,320601
Census Tract 3206.02; Harris County; Texas,4704,47667,48,201,320602
Census Tract 3207; Harris County; Texas,3850,50321,48,201,320700
Census Tract 3208; Harris County; Texas,4891,41387,48,201,320800
Census Tract 3209.01; Harris County; Texas,3641,58357,48,201,320901
Census Tract 3209.02; Harris County; Texas,3459,91707,48,201,320902
Census Tract 3210.01; Harris County; Texas,2836,42107,48,201,321001
Census Tract 3210.02; Harris County; Texas,5077,59496,48,201,321002
Census Tract 3211.01; Harris County; Texas,3620,76731,48,201,321101
Census Tract 3211.02; Harris County; Texas,3770,71534,48,201,321102
Census Tract 3212; Harris County; Texas,4998,38256,48,201,321200
Census Tract 3213.01; Harris County; Texas,4000,31681,48,201,321301
Census Tract 3213.02; Harris County; Texas,2166,66156,48,201,321302
Census Tract 3214.01; Harris County; Texas,3577,51946,48,201,321401
Census Tract 3214.02; Harris County; Texas,4913,74254,48,201,321402
Census Tract 3215; Harris County; Texas,2636,41267,48,201,321500
Census Tract 3216; Harris County; Texas,6653,80821,48,201,321600
Census Tract 3217; Harris County; Texas,3243,73970,48,201,321700
Census Tract 3218; Harris County; Texas,3923,72984,48,201,321800
Census Tract 3219; Harris County; Texas,5886,63944,48,201,321900
Census Tract 3220; Harris County; Texas,4350,46510,48,201,322000
Census Tract 3221; Harris County; Texas,3804,55257,48,201,322100
Census Tract 3222; Harris County; Texas,1433,55857,48,201,322200
Census Tract 3226; Harris County; Texas,4884,71265,48,201,322600
Census Tract 3227.01; Harris County; Texas,2368,68744,48,201,322701
Census Tract 3227.02; Harris County; Texas,4326,83750,48,201,322702
Census Tract 3228; Harris County; Texas,5849,63244,48,201,322800
Census Tract 3229; Harris County; Texas,3550,53981,48,201,322900
Census Tract 3230; Harris County; Texas,7013,43546,48,201,323000
Census Tract 3231; Harris County; Texas,3739,46859,48,201,323100
Census Tract 3232; Harris County; Texas,5561,72629,48,201,323200
Census Tract 3233; Harris County; Texas,2870,27404,48,201,323300
Census Tract 3234; Harris County; Texas,7918,60362,48,201,323400
Census Tract 3235; Harris County; Texas,5463,41327,48,201,323500
Census Tract 3236.01; Harris County; Texas,4245,47472,48,201,323601
Census Tract 3236.02; Harris County; Texas,4556,81146,48,201,323602
Census Tract 3237.01; Harris County; Texas,4504,54020,48,201,323701
Census Tract 3237.02; Harris County; Texas,2873,62931,48,201,323702
Census Tract 3238.01; Harris County; Texas,3920,82097,48,201,323801
Census Tract 3238.02; Harris County; Texas,5068,50250,48,201,323802
Census Tract 3239; Harris County; Texas,2967,24008,48,201,323900
Census Tract 3240; Harris County; Texas,5962,82500,48,201,324000
Census Tract 3241.01; Harris County; Texas,5300,51384,48,201,324101
Census Tract 3241.02; Harris County; Texas,0,-666666666,48,201,324102
Census Tract 3242; Harris County; Texas,890,42895,48,201,324200
Census Tract 3301.01; Harris County; Texas,5296,71056,48,201,330101
Census Tract 3301.02; Harris County; Texas,2435,41938,48,201,330102
Census Tract 3302; Harris County; Texas,5682,53903,48,201,330200
Census Tract 3303.01; Harris County; Texas,8266,69421,48,201,330301
Census Tract 3303.02; Harris County; Texas,5073,58808,48,201,330302
Census Tract 3303.03; Harris County; Texas,4858,57679,48,201,330303
Census Tract 3304; Harris County; Texas,4601,46906,48,201,330400
Census Tract 3305; Harris County; Texas,4623,64954,48,201,330500
Census Tract 3306; Harris County; Texas,7838,62102,48,201,330600
Census Tract 3307; Harris County; Texas,8944,66130,48,201,330700
Census Tract 3308.01; Harris County; Texas,5741,71756,48,201,330801
Census Tract 3308.02; Harris County; Texas,11447,95125,48,201,330802
Census Tract 3309.01; Harris County; Texas,10543,75263,48,201,330901
Census Tract 3309.02; Harris County; Texas,3131,49613,48,201,330902
Census Tract 3311; Harris County; Texas,3979,53974,48,201,331100
Census Tract 3312; Harris County; Texas,5051,29650,48,201,331200
Census Tract 3313; Harris County; Texas,4823,49222,48,201,331300
Census Tract 3314; Harris County; Texas,3281,21580,48,201,331400
Census Tract 3315.01; Harris County; Texas,4601,73125,48,201,331501
Census Tract 3315.02; Harris County; Texas,5526,54703,48,201,331502
Census Tract 3316.02; Harris County; Texas,3199,61250,48,201,331602
Census Tract 3316.03; Harris County; Texas,4975,46563,48,201,331603
Census Tract 3316.04; Harris County; Texas,2481,36205,48,201,331604
Census Tract 3317; Harris County; Texas,4034,39167,48,201,331700
Census Tract 3318; Harris County; Texas,3806,41375,48,201,331800
Census Tract 3319; Harris County; Texas,3314,52926,48,201,331900
Census Tract 3320; Harris County; Texas,6092,28750,48,201,332000
Census Tract 3321; Harris County; Texas,3447,44077,48,201,332100
Census Tract 3322; Harris County; Texas,4882,28274,48,201,332200
Census Tract 3323; Harris County; Texas,2789,42847,48,201,332300
Census Tract 3324; Harris County; Texas,3619,48137,48,201,332400
Census Tract 3325; Harris County; Texas,3701,85595,48,201,332500
Census Tract 3326; Harris County; Texas,6605,45724,48,201,332600
Census Tract 3327; Harris County; Texas,2425,44868,48,201,332700
Census Tract 3328; Harris County; Texas,4549,40847,48,201,332800
Census Tract 3329; Harris County; Texas,4814,49125,48,201,332900
Census Tract 3330; Harris County; Texas,3657,64013,48,201,333000
Census Tract 3331; Harris County; Texas,3883,37688,48,201,333100
Census Tract 3332.01; Harris County; Texas,4533,43493,48,201,333201
Census Tract 3332.03; Harris County; Texas,2362,38695,48,201,333203
Census Tract 3332.04; Harris County; Texas,2211,29920,48,201,333204
Census Tract 3332.05; Harris County; Texas,1494,32950,48,201,333205
Census Tract 3333.01; Harris County; Texas,5047,40564,48,201,333301
Census Tract 3333.02; Harris County; Texas,3248,53830,48,201,333302
Census Tract 3335.01; Harris County; Texas,3064,38661,48,201,333501
Census Tract 3335.02; Harris County; Texas,2539,86250,48,201,333502
Census Tract 3336; Harris County; Texas,3669,81758,48,201,333600
Census Tract 3337; Harris County; Texas,3709,67862,48,201,333700
Census Tract 3338.01; Harris County; Texas,4346,50702,48,201,333801
Census Tract 3338.02; Harris County; Texas,6175,87636,48,201,333802
Census Tract 3339.03; Harris County; Texas,4058,96379,48,201,333903
Census Tract 3339.04; Harris County; Texas,6791,73669,48,201,333904
Census Tract 3339.05; Harris County; Texas,3356,64645,48,201,333905
Census Tract 3339.06; Harris County; Texas,5719,104850,48,201,333906
Census Tract 3340.01; Harris County; Texas,3286,44479,48,201,334001
Census Tract 3340.02; Harris County; Texas,2396,73857,48,201,334002
Census Tract 3340.03; Harris County; Texas,5045,69449,48,201,334003
Census Tract 3341.01; Harris County; Texas,8807,68670,48,201,334101
Census Tract 3341.02; Harris County; Texas,6368,70990,48,201,334102
Census Tract 3401.01; Harris County; Texas,1563,56619,48,201,340101
Census Tract 3401.02; Harris County; Texas,5639,85278,48,201,340102
Census Tract 3402.01; Harris County; Texas,0,-666666666,48,201,340201
Census Tract 3402.02; Harris County; Texas,8530,167647,48,201,340202
Census Tract 3402.03; Harris County; Texas,4530,133547,48,201,340203
Census Tract 3403.01; Harris County; Texas,3420,204773,48,201,340301
Census Tract 3403.02; Harris County; Texas,6673,144127,48,201,340302
Census Tract 3404; Harris County; Texas,1062,150144,48,201,340400
Census Tract 3405.01; Harris County; Texas,3468,79375,48,201,340501
Census Tract 3405.02; Harris County; Texas,2187,54105,48,201,340502
Census Tract 3406; Harris County; Texas,2443,111058,48,201,340600
Census Tract 3407.01; Harris County; Texas,4113,72762,48,201,340701
Census Tract 3407.02; Harris County; Texas,3747,102868,48,201,340702
Census Tract 3408; Harris County; Texas,5707,142524,48,201,340800
Census Tract 3409; Harris County; Texas,4989,42523,48,201,340900
Census Tract 3410.01; Harris County; Texas,4337,59684,48,201,341001
Census Tract 3410.02; Harris County; Texas,3912,91188,48,201,341002
Census Tract 3411.01; Harris County; Texas,1989,61769,48,201,341101
Census Tract 3411.02; Harris County; Texas,2221,58750,48,201,341102
Census Tract 3412.01; Harris County; Texas,4850,64833,48,201,341201
Census Tract 3412.03; Harris County; Texas,2516,73692,48,201,341203
Census Tract 3412.04; Harris County; Texas,3606,74013,48,201,341204
Census Tract 3413.02; Harris County; Texas,3751,74803,48,201,341302
Census Tract 3413.03; Harris County; Texas,3045,58424,48,201,341303
Census Tract 3413.04; Harris County; Texas,1725,82955,48,201,341304
Census Tract 3414; Harris County; Texas,6084,143359,48,201,341400
Census Tract 3415.01; Harris County; Texas,6549,93045,48,201,341501
Census Tract 3415.02; Harris County; Texas,4573,106548,48,201,341502
Census Tract 3416; Harris County; Texas,6813,115793,48,201,341600
Census Tract 3417; Harris County; Texas,2977,75208,48,201,341700
Census Tract 3418; Harris County; Texas,2224,101438,48,201,341800
Census Tract 3420.01; Harris County; Texas,6608,142332,48,201,342001
Census Tract 3420.02; Harris County; Texas,4069,98906,48,201,342002
Census Tract 3421; Harris County; Texas,4267,86905,48,201,342100
Census Tract 3422; Harris County; Texas,3747,49786,48,201,342200
Census Tract 3423; Harris County; Texas,7491,59891,48,201,342300
Census Tract 3424; Harris County; Texas,3849,76488,48,201,342400
Census Tract 3425; Harris County; Texas,6060,93443,48,201,342500
Census Tract 3427; Harris County; Texas,4756,82689,48,201,342700
Census Tract 3428.01; Harris County; Texas,5362,123994,48,201,342801
Census Tract 3428.02; Harris County; Texas,3345,126806,48,201,342802
Census Tract 3429; Harris County; Texas,6976,97842,48,201,342900
Census Tract 3430; Harris County; Texas,8211,54201,48,201,343000
Census Tract 3431; Harris County; Texas,4048,99435,48,201,343100
Census Tract 3432; Harris County; Texas,5264,137852,48,201,343200
Census Tract 3433.01; Harris County; Texas,4658,94470,48,201,343301
Census Tract 3433.02; Harris County; Texas,4932,97945,48,201,343302
Census Tract 3436.01; Harris County; Texas,1,-666666666,48,201,343601
Census Tract 3436.02; Harris County; Texas,2589,73611,48,201,343602
Census Tract 3437; Harris County; Texas,3850,63679,48,201,343700
Census Tract 3501.01; Harris County; Texas,4568,-666666666,48,201,350101
Census Tract 3501.02; Harris County; Texas,4822,128750,48,201,350102
Census Tract 3501.03; Harris County; Texas,7965,127753,48,201,350103
Census Tract 3501.04; Harris County; Texas,5346,94000,48,201,350104
Census Tract 3502.01; Harris County; Texas,4031,74619,48,201,350201
Census Tract 3502.02; Harris County; Texas,4708,81964,48,201,350202
Census Tract 3503; Harris County; Texas,6260,110893,48,201,350300
Census Tract 3504; Harris County; Texas,6267,85260,48,201,350400
Census Tract 3505; Harris County; Texas,6586,79971,48,201,350500
Census Tract 3506.01; Harris County; Texas,4120,90972,48,201,350601
Census Tract 3506.03; Harris County; Texas,4465,107473,48,201,350603
Census Tract 3506.04; Harris County; Texas,3644,105726,48,201,350604
Census Tract 3507; Harris County; Texas,2087,102386,48,201,350700
Census Tract 3508.01; Harris County; Texas,4797,68309,48,201,350801
Census Tract 3508.03; Harris County; Texas,3096,56845,48,201,350803
Census Tract 3508.04; Harris County; Texas,6453,149980,48,201,350804
Census Tract 4101.01; Harris County; Texas,2065,75750,48,201,410101
Census Tract 4101.02; Harris County; Texas,3912,62276,48,201,410102
Census Tract 4102.01; Harris County; Texas,1806,97844,48,201,410201
Census Tract 4102.02; Harris County; Texas,4303,133117,48,201,410202
Census Tract 4103; Harris County; Texas,3917,102889,48,201,410300
Census Tract 4104.01; Harris County; Texas,3568,135917,48,201,410401
Census Tract 4104.02; Harris County; Texas,2996,168015,48,201,410402
Census Tract 4105.01; Harris County; Texas,1815,130480,48,201,410501
Census Tract 4105.02; Harris County; Texas,3029,142597,48,201,410502
Census Tract 4106.01; Harris County; Texas,3630,96138,48,201,410601
Census Tract 4106.02; Harris County; Texas,2447,95199,48,201,410602
Census Tract 4107.03; Harris County; Texas,2279,80227,48,201,410703
Census Tract 4107.04; Harris County; Texas,1935,71190,48,201,410704
Census Tract 4107.05; Harris County; Texas,1051,-666666666,48,201,410705
Census Tract 4107.06; Harris County; Texas,1566,69277,48,201,410706
Census Tract 4108.01; Harris County; Texas,2536,95298,48,201,410801
Census Tract 4108.02; Harris County; Texas,1433,112143,48,201,410802
Census Tract 4109; Harris County; Texas,3514,105463,48,201,410900
Census Tract 4110.01; Harris County; Texas,2597,122569,48,201,411001
Census Tract 4110.02; Harris County; Texas,1946,97951,48,201,411002
Census Tract 4110.03; Harris County; Texas,1532,102895,48,201,411003
Census Tract 4111; Harris County; Texas,3462,169844,48,201,411100
Census Tract 4112; Harris County; Texas,1738,250001,48,201,411200
Census Tract 4113.01; Harris County; Texas,2252,118206,48,201,411301
Census Tract 4113.02; Harris County; Texas,2333,90183,48,201,411302
Census Tract 4114; Harris County; Texas,2860,250001,48,201,411400
Census Tract 4115.03; Harris County; Texas,3316,118942,48,201,411503
Census Tract 4115.04; Harris County; Texas,2910,117228,48,201,411504
Census Tract 4115.05; Harris County; Texas,2991,99617,48,201,411505
Census Tract 4115.06; Harris County; Texas,2846,127710,48,201,411506
Census Tract 4115.07; Harris County; Texas,2017,82560,48,201,411507
Census Tract 4116; Harris County; Texas,2800,124281,48,201,411600
Census Tract 4117; Harris County; Texas,3607,87431,48,201,411700
Census Tract 4118.01; Harris County; Texas,3653,119267,48,201,411801
Census Tract 4118.02; Harris County; Texas,2188,84500,48,201,411802
Census Tract 4119.01; Harris County; Texas,2173,250001,48,201,411901
Census Tract 4119.02; Harris County; Texas,2221,113289,48,201,411902
Census Tract 4120; Harris County; Texas,3840,217955,48,201,412000
Census Tract 4122.01; Harris County; Texas,2264,155855,48,201,412201
Census Tract 4122.02; Harris County; Texas,3475,155917,48,201,412202
Census Tract 4123; Harris County; Texas,6750,250001,48,201,412300
Census Tract 4124; Harris County; Texas,4495,250001,48,201,412400
Census Tract 4125; Harris County; Texas,1631,193021,48,201,412500
Census Tract 4126; Harris County; Texas,3751,250001,48,201,412600
Census Tract 4127; Harris County; Texas,3145,157500,48,201,412700
Census Tract 4128; Harris County; Texas,5167,250001,48,201,412800
Census Tract 4129.01; Harris County; Texas,2202,87873,48,201,412901
Census Tract 4129.02; Harris County; Texas,3086,70991,48,201,412902
Census Tract 4130; Harris County; Texas,3061,101518,48,201,413000
Census Tract 4131; Harris County; Texas,3200,250001,48,201,413100
Census Tract 4132.03; Harris County; Texas,1919,61852,48,201,413203
Census Tract 4132.04; Harris County; Texas,1040,68194,48,201,413204
Census Tract 4132.05; Harris County; Texas,1541,63046,48,201,413205
Census Tract 4132.06; Harris County; Texas,2725,74625,48,201,413206
Census Tract 4133.01; Harris County; Texas,4830,75250,48,201,413301
Census Tract 4133.02; Harris County; Texas,3749,128056,48,201,413302
Census Tract 4201; Harris County; Texas,2843,55140,48,201,420100
Census Tract 4202; Harris County; Texas,2522,64477,48,201,420200
Census Tract 4203; Harris County; Texas,3666,100013,48,201,420300
Census Tract 4204; Harris County; Texas,3196,94038,48,201,420400
Census Tract 4205; Harris County; Texas,3577,49547,48,201,420500
Census Tract 4206; Harris County; Texas,2311,92279,48,201,420600
Census Tract 4207; Harris County; Texas,2549,205833,48,201,420700
Census Tract 4208; Harris County; Texas,2667,250001,48,201,420800
Census Tract 4209; Harris County; Texas,6018,218587,48,201,420900
Census Tract 4210; Harris County; Texas,2795,158884,48,201,421000
Census Tract 4211.01; Harris County; Texas,2646,57959,48,201,421101
Census Tract 4211.03; Harris County; Texas,1411,39907,48,201,421103
Census Tract 4211.04; Harris County; Texas,4370,42959,48,201,421104
Census Tract 4212.03; Harris County; Texas,2268,40934,48,201,421203
Census Tract 4212.04; Harris County; Texas,3472,41965,48,201,421204
Census Tract 4212.05; Harris County; Texas,2828,33906,48,201,421205
Census Tract 4212.06; Harris County; Texas,2204,29875,48,201,421206
Census Tract 4213.01; Harris County; Texas,3742,40929,48,201,421301
Census Tract 4213.02; Harris County; Texas,5485,54679,48,201,421302
Census Tract 4214.01; Harris County; Texas,3571,40025,48,201,421401
Census Tract 4214.02; Harris County; Texas,3896,34836,48,201,421402
Census Tract 4214.03; Harris County; Texas,4633,32215,48,201,421403
Census Tract 4215.01; Harris County; Texas,4121,35490,48,201,421501
Census Tract 4215.02; Harris County; Texas,2709,47316,48,201,421502
Census Tract 4216.01; Harris County; Texas,3245,34648,48,201,421601
Census Tract 4216.02; Harris County; Texas,2928,44146,48,201,421602
Census Tract 4217; Harris County; Texas,4881,79402,48,201,421700
Census Tract 4218.01; Harris County; Texas,2011,41588,48,201,421801
Census Tract 4218.02; Harris County; Texas,2270,104583,48,201,421802
Census Tract 4219; Harris County; Texas,2954,180200,48,201,421900
Census Tract 4220; Harris County; Texas,2184,125281,48,201,422000
Census Tract 4221; Harris County; Texas,5227,99199,48,201,422100
Census Tract 4222; Harris County; Texas,5231,30518,48,201,422200
Census Tract 4223.02; Harris County; Texas,1950,84861,48,201,422302
Census Tract 4223.03; Harris County; Texas,2912,25714,48,201,422303
Census Tract 4223.04; Harris County; Texas,4580,52882,48,201,422304
Census Tract 4224.03; Harris County; Texas,2449,63627,48,201,422403
Census Tract 4224.04; Harris County; Texas,2424,48239,48,201,422404
Census Tract 4224.05; Harris County; Texas,1649,16366,48,201,422405
Census Tract 4224.06; Harris County; Texas,2657,60750,48,201,422406
Census Tract 4225.01; Harris County; Texas,3372,50305,48,201,422501
Census Tract 4225.02; Harris County; Texas,3786,50633,48,201,422502
Census Tract 4226.01; Harris County; Texas,3150,45357,48,201,422601
Census Tract 4226.02; Harris County; Texas,2330,68359,48,201,422602
Census Tract 4227.01; Harris County; Texas,4698,60909,48,201,422701
Census Tract 4227.02; Harris County; Texas,3150,77222,48,201,422702
Census Tract 4228; Harris County; Texas,4845,52615,48,201,422800
Census Tract 4229; Harris County; Texas,3370,44722,48,201,422900
Census Tract 4230.01; Harris County; Texas,3179,37079,48,201,423001
Census Tract 4230.02; Harris County; Texas,2923,32520,48,201,423002
Census Tract 4231; Harris County; Texas,2913,34753,48,201,423100
Census Tract 4232.01; Harris County; Texas,2723,72107,48,201,423201
Census Tract 4232.03; Harris County; Texas,2152,56719,48,201,423203
Census Tract 4232.04; Harris County; Texas,4084,28960,48,201,423204
Census Tract 4233.01; Harris County; Texas,4897,61979,48,201,423301
Census Tract 4233.03; Harris County; Texas,1191,49329,48,201,423303
Census Tract 4233.04; Harris County; Texas,3486,52958,48,201,423304
Census Tract 4234.01; Harris County; Texas,5085,72581,48,201,423401
Census Tract 4234.02; Harris County; Texas,4333,60246,48,201,423402
Census Tract 4235; Harris County; Texas,2010,95156,48,201,423500
Census Tract 4236; Harris County; Texas,6919,61413,48,201,423600
Census Tract 4301.01; Harris County; Texas,2976,70469,48,201,430101
Census Tract 4301.02; Harris County; Texas,2774,131125,48,201,430102
Census Tract 4302; Harris County; Texas,1437,78250,48,201,430200
Census Tract 4303; Harris County; Texas,4358,250001,48,201,430300
Census Tract 4304; Harris County; Texas,3072,250001,48,201,430400
Census Tract 4305; Harris County; Texas,2047,184609,48,201,430500
Census Tract 4306; Harris County; Texas,3815,250001,48,201,430600
Census Tract 4307; Harris County; Texas,3878,87697,48,201,430700
Census Tract 4308; Harris County; Texas,6846,159196,48,201,430800
Census Tract 4309; Harris County; Texas,5486,84699,48,201,430900
Census Tract 4310.01; Harris County; Texas,2365,126333,48,201,431001
Census Tract 4310.02; Harris County; Texas,3018,103021,48,201,431002
Census Tract 4311.01; Harris County; Texas,4838,60174,48,201,431101
Census Tract 4311.02; Harris County; Texas,4087,60174,48,201,431102
Census Tract 4312.03; Harris County; Texas,2063,48357,48,201,431203
Census Tract 4312.04; Harris County; Texas,3114,77373,48,201,431204
Census Tract 4312.05; Harris County; Texas,3045,43694,48,201,431205
Census Tract 4312.06; Harris County; Texas,1948,69989,48,201,431206
Census Tract 4313.02; Harris County; Texas,4936,124694,48,201,431302
Census Tract 4313.03; Harris County; Texas,1309,50571,48,201,431303
Census Tract 4313.04; Harris County; Texas,2842,57190,48,201,431304
Census Tract 4314.01; Harris County; Texas,2534,81404,48,201,431401
Census Tract 4314.03; Harris County; Texas,1800,98105,48,201,431403
Census Tract 4314.04; Harris County; Texas,2015,71473,48,201,431404
Census Tract 4315.03; Harris County; Texas,2477,109912,48,201,431503
Census Tract 4315.04; Harris County; Texas,2506,140878,48,201,431504
Census Tract 4315.05; Harris County; Texas,1311,113627,48,201,431505
Census Tract 4315.06; Harris County; Texas,2919,88125,48,201,431506
Census Tract 4316; Harris County; Texas,3528,120714,48,201,431600
Census Tract 4317.01; Harris County; Texas,2039,106190,48,201,431701
Census Tract 4317.02; Harris County; Texas,2731,171793,48,201,431702
Census Tract 4318.01; Harris County; Texas,3577,81667,48,201,431801
Census Tract 4318.03; Harris County; Texas,2481,89167,48,201,431803
Census Tract 4318.04; Harris County; Texas,2306,133456,48,201,431804
Census Tract 4319.01; Harris County; Texas,2859,53125,48,201,431901
Census Tract 4319.02; Harris County; Texas,2834,114429,48,201,431902
Census Tract 4320.03; Harris County; Texas,1663,56011,48,201,432003
Census Tract 4320.04; Harris County; Texas,1952,124092,48,201,432004
Census Tract 4320.05; Harris County; Texas,3538,40167,48,201,432005
Census Tract 4320.06; Harris County; Texas,2207,29534,48,201,432006
Census Tract 4321.01; Harris County; Texas,3041,64946,48,201,432101
Census Tract 4321.02; Harris County; Texas,4568,58101,48,201,432102
Census Tract 4322; Harris County; Texas,3238,49620,48,201,432200
Census Tract 4323.01; Harris County; Texas,3691,45104,48,201,432301
Census Tract 4323.02; Harris County; Texas,2064,51750,48,201,432302
Census Tract 4323.03; Harris County; Texas,2703,57194,48,201,432303
Census Tract 4324.01; Harris County; Texas,4147,41337,48,201,432401
Census Tract 4324.02; Harris County; Texas,2890,40625,48,201,432402
Census Tract 4325.01; Harris County; Texas,3332,38631,48,201,432501
Census Tract 4325.02; Harris County; Texas,1922,39637,48,201,432502
Census Tract 4326; Harris County; Texas,2004,78266,48,201,432600
Census Tract 4327.03; Harris County; Texas,1917,77074,48,201,432703
Census Tract 4327.04; Harris County; Texas,1646,46067,48,201,432704
Census Tract 4327.05; Harris County; Texas,5388,35152,48,201,432705
Census Tract 4327.06; Harris County; Texas,1856,31531,48,201,432706
Census Tract 4328.03; Harris County; Texas,2669,42341,48,201,432803
Census Tract 4328.04; Harris County; Texas,2164,60167,48,201,432804
Census Tract 4328.05; Harris County; Texas,2290,37874,48,201,432805
Census Tract 4328.06; Harris County; Texas,4497,34708,48,201,432806
Census Tract 4329.01; Harris County; Texas,3543,42958,48,201,432901
Census Tract 4329.03; Harris County; Texas,1891,45729,48,201,432903
Census Tract 4329.04; Harris County; Texas,3823,60337,48,201,432904
Census Tract 4330.03; Harris County; Texas,5315,45483,48,201,433003
Census Tract 4330.04; Harris County; Texas,2314,35472,48,201,433004
Census Tract 4330.05; Harris County; Texas,2135,46855,48,201,433005
Census Tract 4330.06; Harris County; Texas,2468,38202,48,201,433006
Census Tract 4330.07; Harris County; Texas,1611,40120,48,201,433007
Census Tract 4331; Harris County; Texas,3158,45122,48,201,433100
Census Tract 4332.01; Harris County; Texas,3911,42609,48,201,433201
Census Tract 4332.02; Harris County; Texas,3524,56701,48,201,433202
Census Tract 4333; Harris County; Texas,4576,87917,48,201,433300
Census Tract 4334; Harris County; Texas,4413,46483,48,201,433400
Census Tract 4335.03; Harris County; Texas,2555,45335,48,201,433503
Census Tract 4335.04; Harris County; Texas,3073,33177,48,201,433504
Census Tract 4335.05; Harris County; Texas,2135,32468,48,201,433505
Census Tract 4335.06; Harris County; Texas,1816,37888,48,201,433506
Census Tract 4335.07; Harris County; Texas,2997,35020,48,201,433507
Census Tract 4336.01; Harris County; Texas,2682,44250,48,201,433601
Census Tract 4336.02; Harris County; Texas,4320,47318,48,201,433602
Census Tract 4401.01; Harris County; Texas,2227,35570,48,201,440101
Census Tract 4401.02; Harris County; Texas,4610,69420,48,201,440102
Census Tract 4501; Harris County; Texas,1957,148922,48,201,450100
Census Tract 4502; Harris County; Texas,5955,162115,48,201,450200
Census Tract 4503.01; Harris County; Texas,2595,63125,48,201,450301
Census Tract 4503.02; Harris County; Texas,5203,84639,48,201,450302
Census Tract 4504.01; Harris County; Texas,1894,61343,48,201,450401
Census Tract 4504.02; Harris County; Texas,2169,115074,48,201,450402
Census Tract 4505; Harris County; Texas,3228,143371,48,201,450500
Census Tract 4506; Harris County; Texas,5274,74020,48,201,450600
Census Tract 4507; Harris County; Texas,6479,250001,48,201,450700
Census Tract 4508.01; Harris County; Texas,1914,80234,48,201,450801
Census Tract 4508.03; Harris County; Texas,4747,79386,48,201,450803
Census Tract 4508.04; Harris County; Texas,2550,63644,48,201,450804
Census Tract 4509; Harris County; Texas,2955,72027,48,201,450900
Census Tract 4510.03; Harris County; Texas,4133,48219,48,201,451003
Census Tract 4510.04; Harris County; Texas,2114,65536,48,201,451004
Census Tract 4510.05; Harris County; Texas,2185,37009,48,201,451005
Census Tract 4510.06; Harris County; Texas,2479,101542,48,201,451006
Census Tract 4511; Harris County; Texas,4364,80714,48,201,451100
Census Tract 4512; Harris County; Texas,2536,161648,48,201,451200
Census Tract 4513.01; Harris County; Texas,4258,75609,48,201,451301
Census Tract 4513.02; Harris County; Texas,3311,132791,48,201,451302
Census Tract 4514.01; Harris County; Texas,3352,57846,48,201,451401
Census Tract 4514.04; Harris County; Texas,4099,52192,48,201,451404
Census Tract 4514.05; Harris County; Texas,3176,62990,48,201,451405
Census Tract 4514.06; Harris County; Texas,2395,44021,48,201,451406
Census Tract 4514.07; Harris County; Texas,1573,38808,48,201,451407
Census Tract 4515.01; Harris County; Texas,3452,70229,48,201,451501
Census Tract 4515.02; Harris County; Texas,2564,54324,48,201,451502
Census Tract 4516.03; Harris County; Texas,3721,109728,48,201,451603
Census Tract 4516.04; Harris County; Texas,3568,138571,48,201,451604
Census Tract 4516.05; Harris County; Texas,3507,82999,48,201,451605
Census Tract 4516.06; Harris County; Texas,6578,101179,48,201,451606
Census Tract 4517; Harris County; Texas,4644,44661,48,201,451700
Census Tract 4518; Harris County; Texas,5517,75759,48,201,451800
Census Tract 4519.02; Harris County; Texas,2593,130469,48,201,451902
Census Tract 4519.03; Harris County; Texas,3867,33163,48,201,451903
Census Tract 4519.04; Harris County; Texas,3663,53843,48,201,451904
Census Tract 4520.01; Harris County; Texas,5826,37188,48,201,452001
Census Tract 4520.02; Harris County; Texas,3526,54176,48,201,452002
Census Tract 4521.01; Harris County; Texas,6716,65179,48,201,452101
Census Tract 4521.02; Harris County; Texas,1821,69167,48,201,452102
Census Tract 4521.03; Harris County; Texas,2385,83644,48,201,452103
Census Tract 4522.02; Harris County; Texas,3464,63073,48,201,452202
Census Tract 4522.03; Harris County; Texas,2789,47336,48,201,452203
Census Tract 4522.04; Harris County; Texas,2521,50143,48,201,452204
Census Tract 4523; Harris County; Texas,2357,72418,48,201,452300
Census Tract 4524.01; Harris County; Texas,3010,45617,48,201,452401
Census Tract 4524.02; Harris County; Texas,4005,64816,48,201,452402
Census Tract 4525.01; Harris County; Texas,2611,40883,48,201,452501
Census Tract 4525.02; Harris County; Texas,4733,37807,48,201,452502
Census Tract 4526.01; Harris County; Texas,5457,33120,48,201,452601
Census Tract 4526.02; Harris County; Texas,3157,68257,48,201,452602
Census Tract 4527.01; Harris County; Texas,3839,70337,48,201,452701
Census Tract 4527.02; Harris County; Texas,4372,50755,48,201,452702
Census Tract 4527.03; Harris County; Texas,4220,48893,48,201,452703
Census Tract 4528.01; Harris County; Texas,5272,54282,48,201,452801
Census Tract 4528.02; Harris County; Texas,6467,51723,48,201,452802
Census Tract 4529; Harris County; Texas,4572,59920,48,201,452900
Census Tract 4530.01; Harris County; Texas,3372,71115,48,201,453001
Census Tract 4530.02; Harris County; Texas,5404,59506,48,201,453002
Census Tract 4531; Harris County; Texas,4157,33322,48,201,453100
Census Tract 4532.01; Harris County; Texas,3728,32667,48,201,453201
Census Tract 4532.02; Harris County; Texas,4863,42319,48,201,453202
Census Tract 4533; Harris County; Texas,4589,37017,48,201,453300
Census Tract 4534.01; Harris County; Texas,2953,72572,48,201,453401
Census Tract 4534.03; Harris County; Texas,4112,33427,48,201,453403
Census Tract 4534.04; Harris County; Texas,4353,34312,48,201,453404
Census Tract 4534.05; Harris County; Texas,3389,46071,48,201,453405
Census Tract 4535.01; Harris County; Texas,6415,67928,48,201,453501
Census Tract 4535.02; Harris County; Texas,3454,53990,48,201,453502
Census Tract 4536.01; Harris County; Texas,1604,31694,48,201,453601
Census Tract 4536.03; Harris County; Texas,3472,38989,48,201,453603
Census Tract 4536.04; Harris County; Texas,3754,95076,48,201,453604
Census Tract 4537.01; Harris County; Texas,4468,59650,48,201,453701
Census Tract 4537.02; Harris County; Texas,4226,52858,48,201,453702
Census Tract 4538; Harris County; Texas,3561,60947,48,201,453800
Census Tract 4539.01; Harris County; Texas,5837,80993,48,201,453901
Census Tract 4539.02; Harris County; Texas,3818,48561,48,201,453902
Census Tract 4540; Harris County; Texas,4553,67054,48,201,454000
Census Tract 4541; Harris County; Texas,4011,62295,48,201,454100
Census Tract 4542; Harris County; Texas,4389,75139,48,201,454200
Census Tract 4543.02; Harris County; Texas,5808,71463,48,201,454302
Census Tract 4543.03; Harris County; Texas,4035,66580,48,201,454303
Census Tract 4543.04; Harris County; Texas,6202,63035,48,201,454304
Census Tract 4543.05; Harris County; Texas,3277,67071,48,201,454305
Census Tract 4544; Harris County; Texas,1045,56071,48,201,454400
Census Tract 4545.02; Harris County; Texas,2158,191750,48,201,454502
Census Tract 4545.03; Harris County; Texas,2731,127465,48,201,454503
Census Tract 4545.04; Harris County; Texas,5407,161875,48,201,454504
Census Tract 4545.05; Harris County; Texas,2580,161003,48,201,454505
Census Tract 4546; Harris County; Texas,5830,45802,48,201,454600
Census Tract 4547; Harris County; Texas,7421,136792,48,201,454700
Census Tract 4548.01; Harris County; Texas,4193,70700,48,201,454801
Census Tract 4548.02; Harris County; Texas,4328,90875,48,201,454802
Census Tract 4549.01; Harris County; Texas,2498,133350,48,201,454901
Census Tract 4549.02; Harris County; Texas,8800,101032,48,201,454902
Census Tract 4550; Harris County; Texas,3592,76250,48,201,455000
Census Tract 4551.02; Harris County; Texas,2855,109375,48,201,455102
Census Tract 4551.03; Harris County; Texas,3888,107668,48,201,455103
Census Tract 4551.04; Harris County; Texas,3335,72133,48,201,455104
Census Tract 4552; Harris County; Texas,4261,100607,48,201,455200
Census Tract 4553; Harris County; Texas,14134,70573,48,201,455300
Census Tract 5101; Harris County; Texas,2857,145909,48,201,510100
Census Tract 5102.01; Harris County; Texas,2296,112727,48,201,510201
Census Tract 5102.02; Harris County; Texas,5921,111424,48,201,510202
Census Tract 5103.01; Harris County; Texas,3324,127371,48,201,510301
Census Tract 5103.02; Harris County; Texas,3315,129962,48,201,510302
Census Tract 5104; Harris County; Texas,3580,161810,48,201,510400
Census Tract 5105; Harris County; Texas,5021,137431,48,201,510500
Census Tract 5106.01; Harris County; Texas,3310,125652,48,201,510601
Census Tract 5106.02; Harris County; Texas,4408,169063,48,201,510602
Census Tract 5107.01; Harris County; Texas,2413,80780,48,201,510701
Census Tract 5107.02; Harris County; Texas,2139,246705,48,201,510702
Census Tract 5108.01; Harris County; Texas,4384,128250,48,201,510801
Census Tract 5108.02; Harris County; Texas,2718,224205,48,201,510802
Census Tract 5108.03; Harris County; Texas,2392,110542,48,201,510803
Census Tract 5109.01; Harris County; Texas,6334,218958,48,201,510901
Census Tract 5109.02; Harris County; Texas,5172,126250,48,201,510902
Census Tract 5110.01; Harris County; Texas,3012,81806,48,201,511001
Census Tract 5110.03; Harris County; Texas,2086,76078,48,201,511003
Census Tract 5110.04; Harris County; Texas,1889,78295,48,201,511004
Census Tract 5111; Harris County; Texas,4364,156173,48,201,511100
Census Tract 5112.01; Harris County; Texas,2989,190216,48,201,511201
Census Tract 5112.02; Harris County; Texas,3527,163828,48,201,511202
Census Tract 5113.01; Harris County; Texas,4839,158375,48,201,511301
Census Tract 5113.02; Harris County; Texas,4566,185947,48,201,511302
Census Tract 5114; Harris County; Texas,2757,144917,48,201,511400
Census Tract 5115.01; Harris County; Texas,3377,126071,48,201,511501
Census Tract 5115.02; Harris County; Texas,5378,202175,48,201,511502
Census Tract 5116; Harris County; Texas,3492,89554,48,201,511600
Census Tract 5201; Harris County; Texas,3047,143646,48,201,520100
Census Tract 5202; Harris County; Texas,3030,109363,48,201,520200
Census Tract 5203.01; Harris County; Texas,2438,62917,48,201,520301
Census Tract 5203.02; Harris County; Texas,2513,83234,48,201,520302
Census Tract 5204; Harris County; Texas,3644,40969,48,201,520400
Census Tract 5205.01; Harris County; Texas,4040,43578,48,201,520501
Census Tract 5205.02; Harris County; Texas,4848,50121,48,201,520502
Census Tract 5206.01; Harris County; Texas,2634,42604,48,201,520601
Census Tract 5206.03; Harris County; Texas,2141,41534,48,201,520603
Census Tract 5206.04; Harris County; Texas,3217,78283,48,201,520604
Census Tract 5207; Harris County; Texas,4670,135250,48,201,520700
Census Tract 5210; Harris County; Texas,2221,49483,48,201,521000
Census Tract 5211; Harris County; Texas,2480,34722,48,201,521100
Census Tract 5212.01; Harris County; Texas,1842,58606,48,201,521201
Census Tract 5212.02; Harris County; Texas,3306,56289,48,201,521202
Census Tract 5213; Harris County; Texas,7064,48631,48,201,521300
Census Tract 5214.01; Harris County; Texas,3673,53895,48,201,521401
Census Tract 5214.02; Harris County; Texas,3413,51042,48,201,521402
Census Tract 5215.01; Harris County; Texas,2810,60493,48,201,521501
Census Tract 5215.02; Harris County; Texas,2869,89096,48,201,521502
Census Tract 5216; Harris County; Texas,3196,95921,48,201,521600
Census Tract 5217.01; Harris County; Texas,4673,33479,48,201,521701
Census Tract 5217.02; Harris County; Texas,2925,35281,48,201,521702
Census Tract 5218; Harris County; Texas,4734,69402,48,201,521800
Census Tract 5219; Harris County; Texas,6394,83783,48,201,521900
Census Tract 5220.01; Harris County; Texas,1748,69327,48,201,522001
Census Tract 5220.02; Harris County; Texas,3303,86923,48,201,522002
Census Tract 5221.01; Harris County; Texas,3442,54286,48,201,522101
Census Tract 5221.02; Harris County; Texas,5542,91333,48,201,522102
Census Tract 5222.01; Harris County; Texas,5317,72365,48,201,522201
Census Tract 5222.02; Harris County; Texas,4483,66201,48,201,522202
Census Tract 5223.01; Harris County; Texas,3816,59215,48,201,522301
Census Tract 5223.02; Harris County; Texas,3436,59387,48,201,522302
Census Tract 5224.01; Harris County; Texas,5337,78017,48,201,522401
Census Tract 5224.02; Harris County; Texas,3768,67569,48,201,522402
Census Tract 5225; Harris County; Texas,5317,234297,48,201,522500
Census Tract 5301.01; Harris County; Texas,3174,40149,48,201,530101
Census Tract 5301.02; Harris County; Texas,2862,67860,48,201,530102
Census Tract 5302; Harris County; Texas,3820,140917,48,201,530200
Census Tract 5303; Harris County; Texas,2237,95114,48,201,530300
Census Tract 5304; Harris County; Texas,3341,61077,48,201,530400
Census Tract 5305.01; Harris County; Texas,1692,47561,48,201,530501
Census Tract 5305.02; Harris County; Texas,2205,46731,48,201,530502
Census Tract 5306; Harris County; Texas,3142,68125,48,201,530600
Census Tract 5307.01; Harris County; Texas,1532,19840,48,201,530701
Census Tract 5307.02; Harris County; Texas,4417,36686,48,201,530702
Census Tract 5308; Harris County; Texas,4077,36767,48,201,530800
Census Tract 5309; Harris County; Texas,4467,87176,48,201,530900
Census Tract 5310; Harris County; Texas,4871,160625,48,201,531000
Census Tract 5311; Harris County; Texas,3387,176091,48,201,531100
Census Tract 5312; Harris County; Texas,3599,94375,48,201,531200
Census Tract 5313; Harris County; Texas,4848,59738,48,201,531300
Census Tract 5314; Harris County; Texas,2119,98777,48,201,531400
Census Tract 5315; Harris County; Texas,2542,57500,48,201,531500
Census Tract 5316; Harris County; Texas,2699,147340,48,201,531600
Census Tract 5317; Harris County; Texas,3968,195208,48,201,531700
Census Tract 5318; Harris County; Texas,2913,25000,48,201,531800
Census Tract 5319; Harris County; Texas,6106,40659,48,201,531900
Census Tract 5320.03; Harris County; Texas,3909,34683,48,201,532003
Census Tract 5320.04; Harris County; Texas,5055,35485,48,201,532004
Census Tract 5321.01; Harris County; Texas,4116,66760,48,201,532101
Census Tract 5321.02; Harris County; Texas,3081,37383,48,201,532102
Census Tract 5322; Harris County; Texas,3800,29375,48,201,532200
Census Tract 5323.01; Harris County; Texas,4735,61156,48,201,532301
Census Tract 5323.02; Harris County; Texas,4132,62978,48,201,532302
Census Tract 5324; Harris County; Texas,6299,55947,48,201,532400
Census Tract 5325.02; Harris County; Texas,5786,56857,48,201,532502
Census Tract 5325.03; Harris County; Texas,5737,92286,48,201,532503
Census Tract 5325.04; Harris County; Texas,4714,105797,48,201,532504
Census Tract 5326; Harris County; Texas,6984,52657,48,201,532600
Census Tract 5327; Harris County; Texas,5701,60117,48,201,532700
Census Tract 5328; Harris County; Texas,1946,88750,48,201,532800
Census Tract 5329; Harris County; Texas,4852,45880,48,201,532900
Census Tract 5330; Harris County; Texas,2472,31892,48,201,533000
Census Tract 5331; Harris County; Texas,6397,68068,48,201,533100
Census Tract 5332; Harris County; Texas,4363,38772,48,201,533200
Census Tract 5333.01; Harris County; Texas,2804,39604,48,201,533301
Census Tract 5333.02; Harris County; Texas,3949,57750,48,201,533302
Census Tract 5334.01; Harris County; Texas,4484,47862,48,201,533401
Census Tract 5334.02; Harris County; Texas,6361,63276,48,201,533402
Census Tract 5335; Harris County; Texas,3917,53452,48,201,533500
Census Tract 5336; Harris County; Texas,5146,38642,48,201,533600
Census Tract 5337.01; Harris County; Texas,6692,39167,48,201,533701
Census Tract 5337.02; Harris County; Texas,3399,60859,48,201,533702
Census Tract 5338.02; Harris County; Texas,6995,57235,48,201,533802
Census Tract 5338.03; Harris County; Texas,6757,61029,48,201,533803
Census Tract 5338.04; Harris County; Texas,6367,81339,48,201,533804
Census Tract 5339.02; Harris County; Texas,5430,30760,48,201,533902
Census Tract 5339.03; Harris County; Texas,4131,71136,48,201,533903
Census Tract 5339.04; Harris County; Texas,4304,51173,48,201,533904
Census Tract 5340.01; Harris County; Texas,3249,70324,48,201,534001
Census Tract 5340.02; Harris County; Texas,4898,55481,48,201,534002
Census Tract 5340.03; Harris County; Texas,2122,83438,48,201,534003
Census Tract 5341.01; Harris County; Texas,2857,73333,48,201,534101
Census Tract 5341.02; Harris County; Texas,5027,103032,48,201,534102
Census Tract 5342.01; Harris County; Texas,3470,76774,48,201,534201
Census Tract 5342.03; Harris County; Texas,2235,59250,48,201,534203
Census Tract 5342.04; Harris County; Texas,4502,82955,48,201,534204
Census Tract 5342.05; Harris County; Texas,4048,90840,48,201,534205
Census Tract 5401.01; Harris County; Texas,6680,245513,48,201,540101
Census Tract 5401.02; Harris County; Texas,6101,67793,48,201,540102
Census Tract 5402; Harris County; Texas,2290,40385,48,201,540200
Census Tract 5405.02; Harris County; Texas,4951,92772,48,201,540502
Census Tract 5405.03; Harris County; Texas,4955,57826,48,201,540503
Census Tract 5405.04; Harris County; Texas,3201,54947,48,201,540504
Census Tract 5406.01; Harris County; Texas,4325,86607,48,201,540601
Census Tract 5406.02; Harris County; Texas,8137,90625,48,201,540602
Census Tract 5407; Harris County; Texas,5564,71648,48,201,540700
Census Tract 5408; Harris County; Texas,6744,65115,48,201,540800
Census Tract 5409.01; Harris County; Texas,3135,126182,48,201,540901
Census Tract 5409.03; Harris County; Texas,3881,64306,48,201,540903
Census Tract 5409.04; Harris County; Texas,4723,76961,48,201,540904
Census Tract 5410.04; Harris County; Texas,5772,82772,48,201,541004
Census Tract 5410.05; Harris County; Texas,4140,75712,48,201,541005
Census Tract 5410.06; Harris County; Texas,6758,102205,48,201,541006
Census Tract 5410.07; Harris County; Texas,7027,124707,48,201,541007
Census Tract 5410.08; Harris County; Texas,2745,131598,48,201,541008
Census Tract 5410.09; Harris County; Texas,4542,109853,48,201,541009
Census Tract 5411; Harris County; Texas,8178,86843,48,201,541100
Census Tract 5412.03; Harris County; Texas,2426,124063,48,201,541203
Census Tract 5412.04; Harris County; Texas,5664,87792,48,201,541204
Census Tract 5412.05; Harris County; Texas,3250,116250,48,201,541205
Census Tract 5412.06; Harris County; Texas,4992,104265,48,201,541206
Census Tract 5412.07; Harris County; Texas,4219,176652,48,201,541207
Census Tract 5413.01; Harris County; Texas,5710,90136,48,201,541301
Census Tract 5413.02; Harris County; Texas,7440,73931,48,201,541302
Census Tract 5414.01; Harris County; Texas,4546,72366,48,201,541401
Census Tract 5414.02; Harris County; Texas,2558,65737,48,201,541402
Census Tract 5414.03; Harris County; Texas,2897,56122,48,201,541403
Census Tract 5414.04; Harris County; Texas,3117,87778,48,201,541404
Census Tract 5415; Harris County; Texas,5135,88145,48,201,541500
Census Tract 5416.03; Harris County; Texas,7341,63548,48,201,541603
Census Tract 5416.04; Harris County; Texas,9923,105534,48,201,541604
Census Tract 5417.01; Harris County; Texas,6720,103454,48,201,541701
Census Tract 5417.02; Harris County; Texas,2487,59375,48,201,541702
Census Tract 5417.03; Harris County; Texas,3361,67530,48,201,541703
Census Tract 5418.01; Harris County; Texas,3674,66630,48,201,541801
Census Tract 5418.02; Harris County; Texas,4088,55898,48,201,541802
Census Tract 5419.01; Harris County; Texas,2918,80027,48,201,541901
Census Tract 5419.02; Harris County; Texas,4761,91932,48,201,541902
Census Tract 5420.01; Harris County; Texas,4130,83911,48,201,542001
Census Tract 5420.02; Harris County; Texas,2413,139940,48,201,542002
Census Tract 5420.03; Harris County; Texas,3570,87914,48,201,542003
Census Tract 5420.04; Harris County; Texas,3292,78042,48,201,542004
Census Tract 5421.03; Harris County; Texas,9164,90654,48,201,542103
Census Tract 5421.04; Harris County; Texas,8361,85757,48,201,542104
Census Tract 5421.05; Harris County; Texas,9153,82296,48,201,542105
Census Tract 5421.06; Harris County; Texas,8517,82560,48,201,542106
Census Tract 5421.07; Harris County; Texas,3566,87214,48,201,542107
Census Tract 5421.08; Harris County; Texas,5122,78913,48,201,542108
Census Tract 5422.01; Harris County; Texas,7147,97575,48,201,542201
Census Tract 5422.02; Harris County; Texas,8057,95483,48,201,542202
Census Tract 5422.03; Harris County; Texas,11213,87728,48,201,542203
Census Tract 5423.02; Harris County; Texas,7794,83651,48,201,542302
Census Tract 5423.03; Harris County; Texas,3779,109329,48,201,542303
Census Tract 5423.04; Harris County; Texas,5630,94750,48,201,542304
Census Tract 5423.05; Harris County; Texas,4795,95208,48,201,542305
Census Tract 5424.01; Harris County; Texas,4969,45234,48,201,542401
Census Tract 5424.02; Harris County; Texas,4967,81354,48,201,542402
Census Tract 5425; Harris County; Texas,4178,66988,48,201,542500
Census Tract 5426; Harris County; Texas,8101,98451,48,201,542600
Census Tract 5427; Harris County; Texas,4337,79625,48,201,542700
Census Tract 5428; Harris County; Texas,8834,95668,48,201,542800
Census Tract 5429.01; Harris County; Texas,9715,112713,48,201,542901
Census Tract 5429.02; Harris County; Texas,34297,126327,48,201,542902
Census Tract 5430.04; Harris County; Texas,14908,196568,48,201,543004
Census Tract 5430.05; Harris County; Texas,9614,104315,48,201,543005
Census Tract 5430.06; Harris County; Texas,17460,142549,48,201,543006
Census Tract 5430.07; Harris County; Texas,22581,172894,48,201,543007
Census Tract 5430.08; Harris County; Texas,5537,101818,48,201,543008
Census Tract 5430.09; Harris County; Texas,5185,74154,48,201,543009
Census Tract 5430.10; Harris County; Texas,5592,96776,48,201,543010
Census Tract 5430.11; Harris County; Texas,5005,89986,48,201,543011
Census Tract 5431; Harris County; Texas,4016,110708,48,201,543100
Census Tract 5432.01; Harris County; Texas,5975,76232,48,201,543201
Census Tract 5432.02; Harris County; Texas,3649,83616,48,201,543202
Census Tract 5501.01; Harris County; Texas,3120,28375,48,201,550101
Census Tract 5501.02; Harris County; Texas,2823,30432,48,201,550102
Census Tract 5502.01; Harris County; Texas,1587,29000,48,201,550201
Census Tract 5502.02; Harris County; Texas,1800,-666666666,48,201,550202
Census Tract 5503.03; Harris County; Texas,4043,41193,48,201,550303
Census Tract 5503.04; Harris County; Texas,2168,34306,48,201,550304
Census Tract 5503.05; Harris County; Texas,4079,64870,48,201,550305
Census Tract 5503.06; Harris County; Texas,4588,77057,48,201,550306
Census Tract 5503.07; Harris County; Texas,2646,40808,48,201,550307
Census Tract 5503.08; Harris County; Texas,2903,32356,48,201,550308
Census Tract 5504.03; Harris County; Texas,2948,23121,48,201,550403
Census Tract 5504.04; Harris County; Texas,6493,76891,48,201,550404
Census Tract 5504.05; Harris County; Texas,8050,49585,48,201,550405
Census Tract 5504.06; Harris County; Texas,3855,36528,48,201,550406
Census Tract 5504.07; Harris County; Texas,5509,79322,48,201,550407
Census Tract 5505; Harris County; Texas,6944,60881,48,201,550500
Census Tract 5506.01; Harris County; Texas,7502,71382,48,201,550601
Census Tract 5506.02; Harris County; Texas,2536,68875,48,201,550602
Census Tract 5506.03; Harris County; Texas,5446,62244,48,201,550603
Census Tract 5507; Harris County; Texas,5153,95642,48,201,550700
Census Tract 5508; Harris County; Texas,3491,69489,48,201,550800
Census Tract 5509.01; Harris County; Texas,5457,71719,48,201,550901
Census Tract 5509.02; Harris County; Texas,3862,87545,48,201,550902
Census Tract 5510; Harris County; Texas,3645,53065,48,201,551000
Census Tract 5511.01; Harris County; Texas,4179,44519,48,201,551101
Census Tract 5511.02; Harris County; Texas,6487,77986,48,201,551102
Census Tract 5512.01; Harris County; Texas,5071,53176,48,201,551201
Census Tract 5512.02; Harris County; Texas,3868,97903,48,201,551202
Census Tract 5513; Harris County; Texas,3676,138200,48,201,551300
Census Tract 5514; Harris County; Texas,5900,88189,48,201,551400
Census Tract 5515.01; Harris County; Texas,3476,58564,48,201,551501
Census Tract 5515.02; Harris County; Texas,4651,80893,48,201,551502
Census Tract 5516.01; Harris County; Texas,3258,66809,48,201,551601
Census Tract 5516.02; Harris County; Texas,4980,54594,48,201,551602
Census Tract 5517.02; Harris County; Texas,4351,133684,48,201,551702
Census Tract 5517.03; Harris County; Texas,8464,87346,48,201,551703
Census Tract 5517.04; Harris County; Texas,3708,125278,48,201,551704
Census Tract 5517.05; Harris County; Texas,4645,107680,48,201,551705
Census Tract 5518; Harris County; Texas,3849,107337,48,201,551800
Census Tract 5519.01; Harris County; Texas,2279,49931,48,201,551901
Census Tract 5519.02; Harris County; Texas,5069,58836,48,201,551902
Census Tract 5520.02; Harris County; Texas,1457,69756,48,201,552002
Census Tract 5520.03; Harris County; Texas,4660,103434,48,201,552003
Census Tract 5520.04; Harris County; Texas,3268,61838,48,201,552004
Census Tract 5521.01; Harris County; Texas,3992,89308,48,201,552101
Census Tract 5521.02; Harris County; Texas,5729,85500,48,201,552102
Census Tract 5521.03; Harris County; Texas,3937,87895,48,201,552103
Census Tract 5522; Harris County; Texas,8034,85055,48,201,552200
Census Tract 5523.01; Harris County; Texas,4756,84861,48,201,552301
Census Tract 5523.03; Harris County; Texas,2757,58586,48,201,552303
Census Tract 5523.04; Harris County; Texas,2050,98963,48,201,552304
Census Tract 5524.01; Harris County; Texas,4990,49808,48,201,552401
Census Tract 5524.02; Harris County; Texas,2996,115461,48,201,552402
Census Tract 5525.01; Harris County; Texas,5101,49940,48,201,552501
Census Tract 5525.02; Harris County; Texas,6117,75407,48,201,552502
Census Tract 5526.02; Harris County; Texas,7409,63574,48,201,552602
Census Tract 5526.03; Harris County; Texas,5671,44497,48,201,552603
Census Tract 5526.04; Harris County; Texas,3396,73967,48,201,552604
Census Tract 5527.01; Harris County; Texas,3709,52770,48,201,552701
Census Tract 5527.02; Harris County; Texas,5181,60804,48,201,552702
Census Tract 5528.01; Harris County; Texas,4981,79076,48,201,552801
Census Tract 5528.02; Harris County; Texas,4597,78493,48,201,552802
Census Tract 5529.01; Harris County; Texas,5193,63664,48,201,552901
Census Tract 5529.02; Harris County; Texas,5249,116413,48,201,552902
Census Tract 5530.01; Harris County; Texas,6282,85701,48,201,553001
Census Tract 5530.02; Harris County; Texas,4969,94314,48,201,553002
Census Tract 5531.01; Harris County; Texas,3548,92720,48,201,553101
Census Tract 5531.02; Harris County; Texas,4407,82970,48,201,553102
Census Tract 5532.01; Harris County; Texas,2728,69882,48,201,553201
Census Tract 5532.02; Harris County; Texas,4810,47708,48,201,553202
Census Tract 5533; Harris County; Texas,4222,42946,48,201,553300
Census Tract 5534.01; Harris County; Texas,4268,119700,48,201,553401
Census Tract 5534.03; Harris County; Texas,8631,79731,48,201,553403
Census Tract 5534.04; Harris County; Texas,3437,142603,48,201,553404
Census Tract 5534.05; Harris County; Texas,6671,105250,48,201,553405
Census Tract 5535; Harris County; Texas,7034,100815,48,201,553500
Census Tract 5536.01; Harris County; Texas,5220,117467,48,201,553601
Census Tract 5536.02; Harris County; Texas,2196,55504,48,201,553602
Census Tract 5537; Harris County; Texas,4593,72338,48,201,553700
Census Tract 5538.01; Harris County; Texas,2570,138608,48,201,553801
Census Tract 5538.03; Harris County; Texas,4441,123722,48,201,553803
Census Tract 5538.04; Harris County; Texas,6054,75613,48,201,553804
Census Tract 5539.01; Harris County; Texas,6187,145481,48,201,553901
Census Tract 5540.01; Harris County; Texas,3614,95105,48,201,554001
Census Tract 5540.02; Harris County; Texas,4113,171250,48,201,554002
Census Tract 5541.03; Harris County; Texas,5236,112500,48,201,554103
Census Tract 5541.04; Harris County; Texas,3956,107961,48,201,554104
Census Tract 5542.01; Harris County; Texas,6455,81817,48,201,554201
Census Tract 5542.02; Harris County; Texas,3260,88650,48,201,554202
Census Tract 5543.01; Harris County; Texas,7942,132799,48,201,554301
Census Tract 5543.02; Harris County; Texas,4606,112583,48,201,554302
Census Tract 5544.04; Harris County; Texas,4746,170500,48,201,554404
Census Tract 5544.05; Harris County; Texas,8823,138599,48,201,554405
Census Tract 5544.06; Harris County; Texas,5155,134792,48,201,554406
Census Tract 5544.07; Harris County; Texas,6753,112344,48,201,554407
Census Tract 5544.08; Harris County; Texas,9942,111415,48,201,554408
Census Tract 5544.09; Harris County; Texas,7392,146626,48,201,554409
Census Tract 5544.10; Harris County; Texas,3940,114125,48,201,554410
Census Tract 5545.01; Harris County; Texas,6256,161394,48,201,554501
Census Tract 5545.02; Harris County; Texas,5927,145714,48,201,554502
Census Tract 5546; Harris County; Texas,4725,144630,48,201,554600
Census Tract 5547.01; Harris County; Texas,3304,85032,48,201,554701
Census Tract 5547.02; Harris County; Texas,4576,125346,48,201,554702
Census Tract 5548.03; Harris County; Texas,7549,142734,48,201,554803
Census Tract 5548.04; Harris County; Texas,4575,145760,48,201,554804
Census Tract 5548.05; Harris County; Texas,8906,104331,48,201,554805
Census Tract 5548.06; Harris County; Texas,2199,116188,48,201,554806
Census Tract 5548.07; Harris County; Texas,6985,86937,48,201,554807
Census Tract 5548.08; Harris County; Texas,3155,144063,48,201,554808
Census Tract 5548.09; Harris County; Texas,11274,118456,48,201,554809
Census Tract 5549.02; Harris County; Texas,11324,134836,48,201,554902
Census Tract 5549.04; Harris County; Texas,3667,113607,48,201,554904
Census Tract 5549.05; Harris County; Texas,7505,124988,48,201,554905
Census Tract 5549.06; Harris County; Texas,4292,95102,48,201,554906
Census Tract 5549.07; Harris County; Texas,4477,85473,48,201,554907
Census Tract 5549.08; Harris County; Texas,7629,108896,48,201,554908
Census Tract 5550.01; Harris County; Texas,2564,113548,48,201,555001
Census Tract 5550.02; Harris County; Texas,5220,99207,48,201,555002
Census Tract 5551.01; Harris County; Texas,4881,86739,48,201,555101
Census Tract 5551.02; Harris County; Texas,5862,75625,48,201,555102
Census Tract 5552; Harris County; Texas,12696,103897,48,201,555200
Census Tract 5553.01; Harris County; Texas,5091,137033,48,201,555301
Census Tract 5553.03; Harris County; Texas,14743,132808,48,201,555303
Census Tract 5553.04; Harris County; Texas,9443,153462,48,201,555304
Census Tract 5553.05; Harris County; Texas,11697,204948,48,201,555305
Census Tract 5554.01; Harris County; Texas,2923,88013,48,201,555401
Census Tract 5554.03; Harris County; Texas,5112,81653,48,201,555403
Census Tract 5554.04; Harris County; Texas,4282,47220,48,201,555404
Census Tract 5555.01; Harris County; Texas,6573,109758,48,201,555501
Census Tract 5555.03; Harris County; Texas,13393,120704,48,201,555503
Census Tract 5555.04; Harris County; Texas,7813,117056,48,201,555504
Census Tract 5555.05; Harris County; Texas,11063,138200,48,201,555505
Census Tract 5556; Harris County; Texas,7769,141665,48,201,555600
Census Tract 5557.01; Harris County; Texas,11918,124271,48,201,555701
Census Tract 5557.03; Harris County; Texas,6305,124950,48,201,555703
Census Tract 5557.04; Harris County; Texas,8420,173333,48,201,555704
Census Tract 5560; Harris County; Texas,12775,99269,48,201,556000
Census Tract 5561; Harris County; Texas,3604,134444,48,201,556100
Census Tract 9800; Harris County; Texas,14,-666666666,48,201,980000
Census Tract 9801; Harris County; Texas,0,-666666666,48,201,980100
Census Tract 9802; Harris County; Texas,9338,-666666666,48,201,980200
Census Tract 9803; Harris County; Texas,2885,-666666666,48,201,980300
Census Tract 9804; Harris County; Texas,3760,-666666666,48,201,980400
Census Tract 9807; Harris County; Texas,1596,139038,48,201,980700
